# LTE air plasma at 1 atm. APPROXIMATE values for workflow development, shaped after the
# curves published by Murphy & Arundell (1994), Murphy (2001) and Gleizes/Naghizadeh-Kashani
# (net emission coefficient, R = 1 mm). Replace with a Mutation++ table or digitized
# literature data in the same columns for quantitative work.
# T [K], rho [kg/m3], h [J/kg] (ref 300 K), sigma [S/m], kappa [W/m/K], mu [Pa s], nec [W/m3/sr]
T,rho,h,sigma,kappa,mu,nec
300,1.177,0.0,1e-10,0.026,1.85e-5,1e-6
500,0.706,2.1e5,1e-10,0.040,2.7e-5,1e-6
1000,0.353,7.5e5,1e-10,0.067,4.2e-5,1e-6
2000,0.176,1.95e6,1e-10,0.130,6.9e-5,1e-6
3000,0.116,3.6e6,1e-3,0.250,9.0e-5,1e-3
3500,0.097,5.0e6,2e-2,0.450,1.0e-4,1e-2
4000,0.083,6.3e6,0.3,0.380,1.1e-4,1e-1
5000,0.066,8.0e6,15.0,0.300,1.35e-4,1e2
6000,0.054,1.0e7,100.0,0.650,1.6e-4,1e3
7000,0.044,1.4e7,450.0,2.000,1.85e-4,5e3
8000,0.034,2.1e7,1100.0,2.600,2.2e-4,1e5
9000,0.026,2.8e7,1900.0,1.600,2.5e-4,8e5
10000,0.0205,3.3e7,2700.0,1.200,2.6e-4,3e6
12000,0.0147,4.4e7,4300.0,1.600,2.3e-4,2e7
14000,0.0109,6.2e7,6000.0,2.600,1.7e-4,7e7
16000,0.0081,8.5e7,7400.0,3.000,1.1e-4,1.8e8
18000,0.0062,1.08e8,8700.0,2.400,6.0e-5,3.5e8
20000,0.0050,1.28e8,9800.0,2.000,3.5e-5,6e8
24000,0.0037,1.60e8,11800.0,2.400,2.2e-5,1.2e9
28000,0.0029,1.90e8,13200.0,3.200,1.8e-5,2e9
30000,0.0026,2.05e8,14000.0,3.600,1.8e-5,2.4e9
